{"gridSettings":{"color":{"hue":0.0038759689778089523,"saturation":0.5098814368247986,"brightness":0.9921568632125854,"alpha":0.6871795058250427},"size":[8,8],"showGrid":true},"palette":{"identifier":"58E191A6-C6D2-47CF-9D27-22D4BD97F978","name":"1biiit+","selectedColorIndex":1,"colors":[{"alpha":1,"hue":0,"saturation":0,"brightness":0},{"alpha":1,"hue":0,"saturation":0,"brightness":1},{"alpha":1,"hue":0.2673202455043793,"saturation":1,"brightness":1}]},"eraserIdentifier":"co.rizer.pixaki.brush.round","sprites":[{"layers":[{"identifier":"A0A4BB84-4AE2-4FDF-8922-017D8F29DA73","blendMode":"normal","isVisible":true,"type":"cel","isAlphaLocked":false,"opacity":1,"clips":[{"itemIdentifier":"D39310A6-BFC3-4E84-A705-FDEC40E88369","range":{"end":1,"start":0},"identifier":"9F3E79AD-AD84-400E-8EDD-13319747660B"},{"itemIdentifier":"11DB9BA7-AF31-43CD-85E9-15C5771162DE","range":{"start":1,"end":2},"identifier":"F090A5B6-EB0E-4BF6-9017-D5B6179469C7"},{"itemIdentifier":"2FF56350-338E-4033-A47A-AA7B4BDB6D15","range":{"start":2,"end":3},"identifier":"B17FD912-4B60-4C91-BE65-D7C0FD12F336"},{"itemIdentifier":"3064C548-6662-4387-B800-51FBE885D7AE","range":{"start":3,"end":4},"identifier":"CF102E31-6BC6-48A2-A3F2-FB0065916D5B"},{"itemIdentifier":"6764E9D7-1A07-4C61-B036-79698D9842BD","range":{"end":5,"start":4},"identifier":"479BF4D8-AE50-43C5-A987-80ED70BE135A"},{"itemIdentifier":"71E8D0AE-6C58-4719-B99F-CFA7F5DE3A11","range":{"end":6,"start":5},"identifier":"B2410666-76AB-4919-ABB6-6BC639FE6999"},{"itemIdentifier":"2FFF4079-B18A-4D7E-A384-DF75213C8F03","range":{"start":6,"end":7},"identifier":"064A42A9-5931-4B7E-AB83-4CC559EC9119"},{"itemIdentifier":"337C7208-0497-4A2C-ACE0-FE43522AEEA2","range":{"start":7,"end":8},"identifier":"A6DE587C-91F3-490C-874B-21E454FE6CEC"},{"itemIdentifier":"4801A197-E4AC-4EA6-AB74-8E620A44BBE6","range":{"end":9,"start":8},"identifier":"A9637385-BF87-4B82-AD82-6154A1198192"},{"itemIdentifier":"23578F03-90D7-48A9-A48B-910537C7C751","range":{"end":10,"start":9},"identifier":"4A5C806C-A94B-4667-9CC4-7CDB8AFFCB1D"},{"itemIdentifier":"473C8AC3-84D2-4685-A508-988A0FB85DF0","identifier":"376B7787-266C-4771-9344-FF4C3AAE4C8C","range":{"start":10,"end":11}},{"itemIdentifier":"57CA79AD-D473-49A4-B8F0-B55C65076B8B","identifier":"1368086B-7510-4127-87D5-91F22D586056","range":{"start":11,"end":12}},{"itemIdentifier":"3CB09F0A-49A2-4C0C-980F-C37877BF160B","identifier":"D791B49C-D9F0-49AF-B67F-556CB24EEF76","range":{"end":13,"start":12}},{"itemIdentifier":"FCC1B687-618E-467A-AF6B-97C0AF157322","identifier":"F10211F4-6E68-4E6D-ABED-5DA144D74B2D","range":{"start":13,"end":14}},{"itemIdentifier":"DB728E77-8918-4AE6-A64A-ADA78C2B2D8D","identifier":"D794B56B-4B4B-470D-B31F-CC1986BE1B42","range":{"end":15,"start":14}},{"itemIdentifier":"88CC53F0-E525-462E-8D29-46F0BB9638BB","identifier":"54588CBF-DFBB-47DA-B8B9-63C6D5149DFA","range":{"start":15,"end":16}},{"itemIdentifier":"FBC9D6C0-B672-4C15-80F5-EDA44CBE5AC5","identifier":"BA104CC4-15DA-4D36-B04C-12863F347886","range":{"start":16,"end":17}},{"itemIdentifier":"F96B564F-EA43-4060-A591-543600392489","identifier":"C968C6BC-35CD-49E4-B674-CD8A204F5846","range":{"end":18,"start":17}},{"itemIdentifier":"E54538E4-76DC-4E52-80B4-087D87186EB8","identifier":"B3B49EB5-FF9C-49F5-8E7F-9D88BD5894A7","range":{"start":18,"end":19}},{"itemIdentifier":"46F1C86B-8B01-423F-969D-30EB4392F708","identifier":"9FE01227-7CA9-46F0-8CFD-9548A17C708F","range":{"end":20,"start":19}},{"itemIdentifier":"2F142525-82A4-49FB-AEB4-ED8C4DFA3C97","identifier":"D906D2C3-3F34-4D68-9378-ED82A2EAB8D7","range":{"start":20,"end":21}},{"itemIdentifier":"59A3A623-1AB5-48B2-8C62-DC4A6AB0A3BD","identifier":"F17F9FA4-CD8E-4CB5-AAF8-475E4CB2F941","range":{"end":22,"start":21}},{"itemIdentifier":"F2C15364-960B-4004-91C9-B6F2F53C9AB2","identifier":"F3C21B33-8EAE-4ED7-8FD1-BD49611534AA","range":{"start":22,"end":23}},{"itemIdentifier":"8D45291C-0931-46B4-9D5A-369C3E261CF1","identifier":"FDD25615-99A8-46C3-845A-0915F9933C6C","range":{"end":24,"start":23}},{"itemIdentifier":"722E28D4-3D56-4AF1-8518-1F289180C2B5","identifier":"69E5B7B2-3C2D-4B28-AEDA-6CFE35F98085","range":{"start":24,"end":25}},{"itemIdentifier":"09F3E949-DC75-43E2-BADA-89323E155170","identifier":"FA035625-7B4A-465F-BCF0-6CB582877256","range":{"start":25,"end":26}},{"itemIdentifier":"70A054A8-D2C2-4860-AA7F-6335A9A2B928","identifier":"70989EB4-533B-4DE7-B601-4E0BA4FEAE35","range":{"start":26,"end":27}},{"itemIdentifier":"B4A1306B-D757-492E-93B4-9D8E67001633","identifier":"A96F15BA-2394-4EE1-BB22-0216D7234F63","range":{"end":28,"start":27}},{"itemIdentifier":"DDE208EF-E0F2-46A7-A414-45AC0D46EB44","identifier":"A5AE0964-BBD7-40E6-B238-A2223ED353FC","range":{"start":28,"end":29}},{"range":{"end":30,"start":29},"itemIdentifier":"B8B34229-3243-4B66-82D6-463825404B6B","identifier":"AB37B60D-1AC0-4636-B3B5-CE3610AEE039"},{"range":{"start":30,"end":31},"itemIdentifier":"455F467D-1EC5-4BA4-ACB5-E0CF93CF2670","identifier":"4FA1F93F-22C5-46C5-9ADF-AC82A4ABE5C4"},{"range":{"start":31,"end":32},"itemIdentifier":"D7134B25-E218-421E-ACD7-0BEFEFA91462","identifier":"91FF107A-E5BB-4038-8140-9FBBF308C6EA"},{"range":{"end":33,"start":32},"itemIdentifier":"0581E90E-06E9-4F13-838C-330EE977490A","identifier":"78A90A30-AC77-4E51-A48F-B349804CD114"},{"range":{"end":34,"start":33},"itemIdentifier":"E077E0EE-1176-4596-869B-7BAA7AD502D0","identifier":"F4134328-DAE3-45BB-B885-A1B39D5816BB"},{"range":{"start":34,"end":35},"itemIdentifier":"E119B88E-8083-4C58-863B-4078BE47A5A3","identifier":"8FEDE543-348B-471D-BF83-FD8BD971F47F"},{"range":{"start":35,"end":36},"itemIdentifier":"35146E52-0678-47B7-86CF-72927D4B4FCB","identifier":"3675A4F5-657D-42AE-96EC-29F198076D49"}],"name":"Layer 1"}],"timelineSelection":{"layer":{"indexes":[0]},"frame":0},"identifier":"BE73F777-F9FF-42C6-A99D-1067C1D41452","size":[16,16],"cels":[{"identifier":"3064C548-6662-4387-B800-51FBE885D7AE","isVisible":true,"frame":[[0,0],[16,16]],"type":"drawing","opacity":1,"containerSize":null,"requiresTrim":true},{"identifier":"46F1C86B-8B01-423F-969D-30EB4392F708","isVisible":true,"frame":[[0,0],[16,16]],"type":"drawing","opacity":1,"containerSize":null,"requiresTrim":true},{"identifier":"3CB09F0A-49A2-4C0C-980F-C37877BF160B","isVisible":true,"frame":[[0,0],[16,16]],"type":"drawing","opacity":1,"containerSize":null,"requiresTrim":true},{"containerSize":null,"type":"drawing","requiresTrim":true,"identifier":"6764E9D7-1A07-4C61-B036-79698D9842BD","frame":[[0,0],[16,16]],"isVisible":true,"opacity":1},{"containerSize":null,"type":"drawing","requiresTrim":true,"identifier":"4801A197-E4AC-4EA6-AB74-8E620A44BBE6","frame":[[0,0],[16,16]],"isVisible":true,"opacity":1},{"containerSize":null,"type":"drawing","requiresTrim":true,"identifier":"71E8D0AE-6C58-4719-B99F-CFA7F5DE3A11","frame":[[0,0],[16,16]],"isVisible":true,"opacity":1},{"containerSize":null,"type":"drawing","requiresTrim":true,"identifier":"FCC1B687-618E-467A-AF6B-97C0AF157322","frame":[[0,0],[16,16]],"isVisible":true,"opacity":1},{"containerSize":null,"type":"drawing","requiresTrim":true,"identifier":"70A054A8-D2C2-4860-AA7F-6335A9A2B928","frame":[[0,0],[16,16]],"isVisible":true,"opacity":1},{"containerSize":null,"type":"drawing","requiresTrim":true,"identifier":"FBC9D6C0-B672-4C15-80F5-EDA44CBE5AC5","frame":[[0,0],[16,16]],"isVisible":true,"opacity":1},{"containerSize":null,"type":"drawing","requiresTrim":false,"identifier":"D39310A6-BFC3-4E84-A705-FDEC40E88369","frame":[[0,0],[16,16]],"isVisible":true,"opacity":1},{"containerSize":null,"type":"drawing","requiresTrim":true,"identifier":"B8B34229-3243-4B66-82D6-463825404B6B","frame":[[0,0],[16,16]],"isVisible":true,"opacity":1},{"containerSize":null,"type":"drawing","requiresTrim":true,"identifier":"D7134B25-E218-421E-ACD7-0BEFEFA91462","frame":[[0,0],[16,16]],"isVisible":true,"opacity":1},{"containerSize":null,"type":"drawing","requiresTrim":true,"identifier":"0581E90E-06E9-4F13-838C-330EE977490A","frame":[[0,0],[16,16]],"isVisible":true,"opacity":1},{"containerSize":null,"type":"drawing","requiresTrim":true,"identifier":"11DB9BA7-AF31-43CD-85E9-15C5771162DE","frame":[[0,0],[16,16]],"isVisible":true,"opacity":1},{"containerSize":null,"type":"drawing","requiresTrim":true,"identifier":"8D45291C-0931-46B4-9D5A-369C3E261CF1","frame":[[0,0],[16,16]],"isVisible":true,"opacity":1},{"containerSize":null,"type":"drawing","requiresTrim":true,"identifier":"2FFF4079-B18A-4D7E-A384-DF75213C8F03","frame":[[0,0],[16,16]],"isVisible":true,"opacity":1},{"containerSize":null,"type":"drawing","requiresTrim":true,"identifier":"E077E0EE-1176-4596-869B-7BAA7AD502D0","frame":[[0,0],[16,16]],"isVisible":true,"opacity":1},{"containerSize":null,"type":"drawing","requiresTrim":true,"identifier":"DB728E77-8918-4AE6-A64A-ADA78C2B2D8D","frame":[[0,0],[16,16]],"isVisible":true,"opacity":1},{"containerSize":null,"type":"drawing","requiresTrim":true,"identifier":"F2C15364-960B-4004-91C9-B6F2F53C9AB2","frame":[[0,0],[16,16]],"isVisible":true,"opacity":1},{"containerSize":null,"type":"drawing","requiresTrim":true,"identifier":"473C8AC3-84D2-4685-A508-988A0FB85DF0","frame":[[0,0],[16,16]],"isVisible":true,"opacity":1},{"containerSize":null,"type":"drawing","requiresTrim":true,"identifier":"E54538E4-76DC-4E52-80B4-087D87186EB8","frame":[[0,0],[16,16]],"isVisible":true,"opacity":1},{"containerSize":null,"type":"drawing","requiresTrim":true,"identifier":"88CC53F0-E525-462E-8D29-46F0BB9638BB","frame":[[0,0],[16,16]],"isVisible":true,"opacity":1},{"containerSize":null,"type":"drawing","requiresTrim":true,"identifier":"09F3E949-DC75-43E2-BADA-89323E155170","frame":[[0,0],[16,16]],"isVisible":true,"opacity":1},{"containerSize":null,"type":"drawing","requiresTrim":true,"identifier":"455F467D-1EC5-4BA4-ACB5-E0CF93CF2670","frame":[[0,0],[16,16]],"isVisible":true,"opacity":1},{"frame":[[0,0],[16,16]],"identifier":"B4A1306B-D757-492E-93B4-9D8E67001633","containerSize":null,"requiresTrim":true,"type":"drawing","opacity":1,"isVisible":true},{"frame":[[0,0],[16,16]],"identifier":"337C7208-0497-4A2C-ACE0-FE43522AEEA2","containerSize":null,"requiresTrim":true,"type":"drawing","opacity":1,"isVisible":true},{"frame":[[0,0],[16,16]],"identifier":"2FF56350-338E-4033-A47A-AA7B4BDB6D15","containerSize":null,"requiresTrim":true,"type":"drawing","opacity":1,"isVisible":true},{"frame":[[0,0],[16,16]],"identifier":"59A3A623-1AB5-48B2-8C62-DC4A6AB0A3BD","containerSize":null,"requiresTrim":true,"type":"drawing","opacity":1,"isVisible":true},{"frame":[[0,0],[16,16]],"identifier":"23578F03-90D7-48A9-A48B-910537C7C751","containerSize":null,"requiresTrim":true,"type":"drawing","opacity":1,"isVisible":true},{"frame":[[0,0],[16,16]],"identifier":"722E28D4-3D56-4AF1-8518-1F289180C2B5","containerSize":null,"requiresTrim":true,"type":"drawing","opacity":1,"isVisible":true},{"frame":[[0,0],[16,16]],"identifier":"DDE208EF-E0F2-46A7-A414-45AC0D46EB44","containerSize":null,"requiresTrim":true,"type":"drawing","opacity":1,"isVisible":true},{"frame":[[0,0],[16,16]],"identifier":"F96B564F-EA43-4060-A591-543600392489","containerSize":null,"requiresTrim":true,"type":"drawing","opacity":1,"isVisible":true},{"frame":[[0,0],[16,16]],"identifier":"35146E52-0678-47B7-86CF-72927D4B4FCB","containerSize":null,"requiresTrim":true,"type":"drawing","opacity":1,"isVisible":true},{"frame":[[0,0],[16,16]],"identifier":"57CA79AD-D473-49A4-B8F0-B55C65076B8B","containerSize":null,"requiresTrim":true,"type":"drawing","opacity":1,"isVisible":true},{"frame":[[0,0],[16,16]],"identifier":"E119B88E-8083-4C58-863B-4078BE47A5A3","containerSize":null,"requiresTrim":true,"type":"drawing","opacity":1,"isVisible":true},{"frame":[[0,0],[16,16]],"identifier":"2F142525-82A4-49FB-AEB4-ED8C4DFA3C97","containerSize":null,"requiresTrim":true,"type":"drawing","opacity":1,"isVisible":true}],"duration":36,"canvasConfiguration":{"previewZoomLevel":1},"symmetrySettings":{"isEnabled":false,"reflectionType":0,"isLocked":false,"position":[8,8]},"referenceImages":[]}],"brushIdentifier":"co.rizer.pixaki.brush.round","onionSkinSettings":{"loop":true,"isEnabled":false,"keyframesBefore":1,"keyframesAfter":1,"opacity":0.5,"tintMode":0},"selectedSpriteIdentifier":"BE73F777-F9FF-42C6-A99D-1067C1D41452","primarySpriteIdentifier":"BE73F777-F9FF-42C6-A99D-1067C1D41452","animationSpeed":15,"isIndexed":false,"selectedColor":{"saturation":0,"alpha":1,"brightness":1,"hue":0},"brushOptions":{"usePixelPerfectSmoothing":false,"selectedPatternIndex":0,"size":1,"patternAlignment":0,"opacity":1},"eraserOptions":{"usePixelPerfectSmoothing":false,"selectedPatternIndex":0,"size":1,"patternAlignment":0,"opacity":1}}